variable,value
risk_averse,0.6083797582907688
pop_growth,0.2273870534238894
fixed_effect,0.09179529804021899
slr,0.0724378902451227
breach,0.0
mem,0.0
