params,exp_mean,exp_var
Risk Averse,0.06586407323536123,0.01184511509241187
Breach Likelihood,0.4819140977847352,0.022125854579514975
Pop. Growth,10.562618890563892,54.045403190791376
Flood Memory,0.009138599553859372,0.00028000797028646286
Expectation Effect,0.07758793452326163,0.29534017784961264
Base Move Prob.,2.201478470513849,7.673291430309406
